animal,day,trial,shadowON,escape,hide,shadowOFF
m971,day1,1,654.8,3.461217681401168,3.961634695579651,6.063386155129276
m971,day1,1,654.8,3.461217681401168,3.961634695579651,6.063386155129276
