animal,day,trial,shadowON,escape,hide,shadowOFF
m966,day1,1,643.55,3.761467889908257,4.161801501251043,8.76563803169308
