animal,day,trial,shadowON,escape,hide,shadowOFF
m966,day1,1,643.6,3.7114261884904085,4.1117597998331945,8.715596330275229
